id,patient_id
dev_001,pat_001
dev_002,pat_002
dev_003,pat_003
dev_004,pat_004
dev_005,pat_005
dev_006,pat_006
dev_007,pat_007
dev_008,pat_008
dev_009,pat_009
dev_010,pat_010
dev_011,pat_011
dev_012,pat_012
dev_013,pat_013
dev_014,pat_014
dev_015,pat_015
dev_016,pat_016
dev_017,pat_017
dev_018,pat_018
dev_019,pat_019
dev_020,pat_020
dev_021,pat_021
dev_022,pat_022
dev_023,pat_023
dev_024,pat_024
dev_025,pat_025
dev_026,pat_026
dev_027,pat_027
dev_028,pat_028
dev_029,pat_029
dev_030,pat_030
dev_031,pat_031
dev_032,pat_032
dev_033,pat_033
dev_034,pat_034
dev_035,pat_035
dev_036,pat_036
dev_037,pat_037
dev_038,pat_038
dev_039,pat_039
dev_040,pat_040
dev_041,pat_041
dev_042,pat_042
dev_043,pat_043
dev_044,pat_044
dev_045,pat_045
dev_046,pat_046
dev_047,pat_047
dev_048,pat_048
dev_049,pat_049
dev_050,pat_050